Date,Day,Number of pages,Pages scraped,Number of articles,Section,Titles by page,Number of titles scraped on this page
1989/06/01,星期四,8,1,90,要闻,"['北京地区天气预报', '万里委员长从上海回到北京', '我关心着全中国的孩子', '同学们，快复课吧！', '迟浩田杨白冰赵南起看望戒严部队', '少数学生仍在新华门前静坐  国办发言人劝他们尽快离去', '国家教委召开办公会议  要求高校学生尽快复课', '首都重点警卫目标区  戒严部队已开始上哨', '天安门广场搭建的一座雕像  没有申报未获有关部门批准', '世行向我增加贷款', '京郊三县农民职工集会游行', '天安门广场出现“民主之神”像意味着什么？', '北约首脑会议闭幕', '戈氏提出苏对外政策五原则', '儿童的乐园']",15
1989/06/01,星期四,8,2,90,国内新闻,"['汽车生产许可证发放混乱', '七大江河等不可轻视防汛', '首都群众关心戒严部队  热情帮助解决生活困难', '铁道部致电慰问坚守岗位职工', '保证重点用油支援三夏', '黑龙江垦区家庭农场经费逐步自理', '贵州要求强化税收征管', '红十字总会公布捐款使用情况', '沈阳发生重大抢劫杀人案', '外事简讯', '武汉兴起购袖珍收音机热', '独生子女不一定娇气任性', '三好学生赖宁扑火献出生命', '空军政治部原副主任林接标病逝', '江西作规定刹吃喝风', '中法合作培训工业管理干部', '沪残疾儿康复大楼建成', '南昌——九江汽车专用路将开工', '海林有支家庭护林扑火队', '江苏夏熟作物丰收', '娄烦发生翻船事故', '图片报道', '图片报道']",23
1989/06/01,星期四,8,3,90,国际新闻,"['日自民党决定  宇野继任总裁', '相互妥协\u3000实现调整', '苏捷民德欢迎布什裁军建议', '华约提出中欧裁军建议', '布什抵西德访问', '阿根廷局势依然紧张', '委内瑞拉将逐步放开进口', '苏谨慎欢迎以选举计划', '波兰即将举行议会选举  政府呼吁遵守选举规则', '美巴将举行第三轮会谈', '纳吉是被非法处死的', '外国在美投资猛增', '日本银行提高贴现率', '南货币不断贬值', '约旦黄金储备锐减', '美对华高技术出口剧增', '哥秘密警察首脑  受袭击安然脱险', '香烟盒上的警语']",18
1989/06/01,星期四,8,4,90,文化生活·体育,"['儿童电影形势严峻', '儿童节活动丰富多彩', '偏食与缺陷文化', '好书伴佳节', '“小主人”办国际书法大赛', '童心未泯', '文化简讯', '中国男女队几员主将均再闯一关', '伊朗足球队再胜泰国队三球', '体育简讯', '三位围棋国手论“黑白”', '图片报道', '图片报道']",13
1989/06/01,星期四,8,5,90,国内专页·经济,"['深化改革保持蔬菜生产稳步发展', '造林的“淮海战役”', '解冻黑龙江', '展开双翼', '沈阳１０万“倒骑驴”', '图片报道', '图片报道']",7
1989/06/01,星期四,8,6,90,文件·报告·回忆录,"['拨乱反正立丰碑', '我亲爱的丈夫——马海德']",2
1989/06/01,星期四,8,7,90,国际专页·政治,"['北约内部短导之争', '北约的“长矛”短程导弹', '政治改革迈出重要一步', '伊梅尔达诉苦', '换了新主人的白宫', '图片报道']",6
1989/06/01,星期四,8,8,90,副刊,"['魂', '思念（外一首）', '狭小的殿堂', '我们的花地（外一章）', '黎明', '快乐畅想曲（拼贴画）']",6
1989/06/02,星期五,8,1,85,要闻,"['北京地区天气预报', '我首季金融形势有所缓和', '首都举行大会纪念“六一”节', '一批大企业经济效益下滑', '慰问戒严部队官兵', '撤销魏明生全国人大代表职务', '“六一”天安门广场一瞥', '匈党中央就重新安葬纳吉发表公报', '削减欧洲常规军备', '中国改革开放政策不会变', '神圣的天安门广场不容亵渎', '道德操行遭到指控  美众议长引咎辞职']",12
1989/06/02,星期五,8,2,85,国内新闻,"['天安门广场啊，我为你哭泣', '烟台集资办电成效大', '沙河层层设政务公开栏', '周至上下连年“窝里斗”', '湖北清查干部建私房问题', '就限制外国记者采访一事  北京市府发言人发表谈话', '取缔盗用工人名义的非法组织', '山东电力增幅高于全国水平', '近百专家筹资  开发南通海涂', '天津口岸扭转出口滑坡局面', '爱德实验培智中心在南京成立', '贵州鸭溪窖酒荣获国际金奖', '桦南县发现高成色金矿', '两外国记者违反北京市府令受到警告', '孙中山奉安六十周年纪念活动', '“孙中山与中国现代化”研讨会举行', '中美合资在沪建冷藏运输企业', '图片报道']",18
1989/06/02,星期五,8,3,85,国际新闻,"['布什总统访问英国  同英首相举行会谈', '中美洲难民会议召开', '西方七国首脑下月聚会  法国总统披露会议议题', '布什的裁军倡议及其影响', '安要求美停止支持安盟', '阿总统和当选总统会晤  决定采取措施稳定局势', '被占领土举行总罢工', '西方盟国对美贸易政策不满', '日众院议长辞职', '南朝鲜农民和美军冲突', '智政府同各党达成修宪协议', '宇野宗佑返回东京  日新内阁即将产生', '波兰大选前夕', '冯沙万当选最高人民议会主席', '澳开展全国戒烟运动', '世界卫生组织颁发奖章  表彰为戒烟作出贡献者', '日要求电视台减少香烟广告']",17
1989/06/02,星期五,8,4,85,文化生活·体育,"['该是姹紫嫣红时', '毛阿敏偷税漏税被罚三万四千元', '首次拉开的帷幕', '两岸影评人士研讨台湾影视艺术', '批评反批评之风兴盛', '古稀老翁爱收藏', '文化简讯', '杨阳李玲蔚等均入前十六名', '我小将赴欧热身壮态良好', '法国将筹办第十二届奥林匹克大会', '波兰一登山者受困珠峰四天后得救', '哥伦比亚足球队首次捧走南美解放者杯', '顺藤摸瓜  查清事实', '体育简讯']",14
1989/06/02,星期五,8,5,85,国内专页（政治·法律）,"['市民眼中的市长', '高脚屋哨兵', '话说“爱好”', '她的周围充满爱', '刻若训练\u3000为国争光', '不能只是谴责和呼唤', '凉山的渴望', '图片报道']",8
1989/06/02,星期五,8,6,85,理论研究,"['蛇口十年巨变探秘', '论优化劳动组合', '中国传统文化研究的一个重要领域', '《企业兼并的理论与实践》出版', '《中国人民政协辞典》将出版']",5
1989/06/02,星期五,8,7,85,国际专页·文教,"['解放者是人，不是神', '让孩子们了解世界', '这里盛开群众文艺之花', '日本的祭孔盛典']",4
1989/06/02,星期五,8,8,85,副刊,"['蚊和蜂', '“增色添辉”风不可长', '蝶忆', '融雪之日', '魏明伦来京何为', '随感录', '图片报道']",7
1989/06/03,星期六,8,1,94,要闻,"['认清动乱的实质和戒严的必要性', '农行全力筹集夏粮收购资金', '北京地区天气预报', '每个职工都应维护稳定大局', '来华游览活动可正常进行', '戒严部队受伤官兵大多数已康复出院', '贫困地区缺少地膜化肥  实施温饱工程遇到困难', '在法制轨道上促进民主建设', '要求取缔“工人自治联合会”', '我外商投资企业激增  近１０年兴建１．５万多家', '竹下宣布总辞职  宇野出任新首相', '图片报道']",12
1989/06/03,星期六,8,2,94,国内新闻,"['石首放生千余条蛇', '增强全民节能意识', '确保煤炭生产创新水平', '北京严惩趁乱抢劫的刑事犯', '采金者被雨雪围困', '把“雷锋精神”带进京城', '雷州半岛成为最大蔗糖基地', '湖南广大农村  人情支出惊人', '北京时装模特儿７月赴台', '百里江堤防水墙在武汉竣工', '大冶沙河铁路开通', '乐山五通桥区被列为  国际水稻旱作研究点', '重钢一新高炉投产', '全国人大常委会委员马洪声明', '简讯']",15
1989/06/03,星期六,8,3,94,国际新闻,"['萨尔瓦多新总统宣誓就职', '紧锣密鼓的一天', '日本新首相宇野宗佑', '萨尔瓦多新总统  克里斯蒂亚尼', '继续保持美英特殊关系', '南亚首脑将聚会斯里兰卡  普雷马达萨要求印度撤军', '德奎利亚尔会见钱外长', '经合组织会议无果而终  西方贸易战将继续下去', '印度未答复尼泊尔建议', '主要议题：生产配额和油价', '苏将调查苏德条约及其秘密议定书', '会议取得重要成果  支持苏欧改革进程', '南外汇市场成绩显著', '伊朗缴获毒品  六千七百公斤', '一些沙漠野草能避孕', '布拉格环境污染严重', '南朝鲜进口瓦斯喷射器', '女王推迟访华无损两国关系', '加拿大预算案泄露风波', '图片报道']",20
1989/06/03,星期六,8,4,94,文化生活·体育,"['夏日泛说冰球事', '同是明星\u3000见解各异', '陶瓷滑雪道解决夏训之需', '苏联姑娘着迷职业网球', '“我的生活嗜好——跑”', '西班牙骑手领风骚', '欧洲足球三大杯得主', '语丝', '奥运会不再增加新项目', '谱写改革曲\u3000陕歌满生机', '舞台进校园\u3000演出近千场', '藏文少儿低幼读物出版基金会成立', '“大饭店太多！美术馆太少！”', '邵恩在匈牙利国际指挥大赛夺冠', '上海有支女子拳击队', '新三千弟子']",16
1989/06/03,星期六,8,5,94,国内专页·教科文,"['文科：挑战与机会并存', '却说北京的公厕', '父母们何以爱“瞪眼”', '孩子们课外无处娱乐', '来函照登', '通信自由应当受到保护', '图片报道', '图片报道', '图片报道']",9
1989/06/03,星期六,8,6,94,读者来信,"['“顺口溜”中听民意', '茶叶收购中的手脚', '请重视群众来信（编者的话）', '宜宾县公安局倒卖香烟受查处', '金坛县农村党员队伍趋于老化', '莲湖区为何拒收退回的兵', '北图报纸阅览室应多替读者着想', '尽快搬掉“垃圾山”', '积极采取措施  挽救海南动物', '甘肃省拨款救灾民', '面对一片汪洋']",11
1989/06/03,星期六,8,7,94,国际专页（经济）,"['地区经济一体化的新进展', '迈向南南合作的积极一步', '海湾合作委员会', '马格里布各国重新携手', '应运而生的阿拉伯合作委员会']",5
1989/06/03,星期六,8,8,94,副刊,"['涂鸦', '法兰克福巧遇', '深深', '歌剧传播方式的现代化', '南阳汉画中的武术', '竹韵曲〔中国画〕']",6
1989/06/04,星期日,8,1,94,要闻,"['人大常委会会议能否如期召开？', '北京地区天气预报', '李鹏发表电视讲话', '戒严部队指挥部紧急通告', '孙巨同志的一封信', '戒严部队指挥部发言人发表谈话', '洪学智刘华清秦基伟郭林祥\u3000分别看望执行戒严任务官兵', '北京这一夜', '借用完毕的一辆武警吉普车\u3000返回部队途中发生重大车祸', '一辆被围困的武器装备车安全转移', '反厄尔尼诺现象正处在强盛时期', '北方小麦产区在收割期间\u3000不会有大范围灾害性天气', '坚决拥护党中央决策\u3000坚决镇压反革命暴乱（社论）', '大陆、台湾经港转口贸易持续上升']",14
1989/06/04,星期日,8,2,94,国内新闻,"['国民党召开十三届二中全会', '福建将开发九龙江三角洲', '微生物学家魏曦逝世', '沪制成大功率船用柴油机', '李贵鲜访问东欧三国后回到北京', '中国青年赴苏自行车旅行团启程', '中科院组队考察南沙群岛', '胶济线开行最快旅客列车', '哈尔滨市防洪建设高标准', '南昌市打击淫秽音像制品', '“北羊南养”试验获成功', '夏季粮油生产形势看好\u3000商业部望各地搞好收购', '动乱给铁路运输造成严重影响', '我颁布４００多涉外经济法规', '河南防止“烟叶大战”重起', '江韶波盗窃高考卷入狱', '国家新设“地区科学基金”', '辽河油田三青年英勇救火立功', '计算机与电子产品交易会举行', '８９中国名瓷北京博览会揭幕', '哈铁打击以车谋私', '授予邓和平“无私奉献的模范干部”称号', '图片报道', '图片报道']",24
1989/06/04,星期日,8,3,94,国际新闻,"['汉城学生绝食示威  抗议当局杀害学生', '告诫任何人都不要玩火', '中厄外长举行会谈', '宇野新内阁透视', '布什预计世界可能出现转变', '南非国民党跌跌撞撞近半年', '美英“特殊关系”新篇章', '以军再次入侵黎南部  用飞机坦克对付平民', '波《团结周刊》首刊出版', '不廉洁\u3000受贿赂', '朝鲜外交部谈朝日关系', '“１０国集团”举行特别会议', '苏外长谢瓦尔德纳泽  评北约首脑会议文件', '斯里兰卡要印撤军  印度对此感到不悦']",14
1989/06/04,星期日,8,4,94,文化生活·体育,"['原永州法院院长被判刑四年半', '为“人”之父', '“麻将风”盛行\u3000小朋友受害', '兰州火灾增多', '广州军区拨专款\u3000老干遗孀得补助  山东五莲传佳话\u3000县官妻子打短工', '中国印尼选手包揽四强', '我影片《同在蓝天下》获大奖', '四川一服刑罪犯竟当上人大代表', '舅舅给外甥造枪  外甥将舅舅击毙', '马晓春一目半负于林海峰  刘小光中盘负于武宫正树', '中国队一胜一负', '不能征服的心', '令人心焦的恶作剧', '图片报道']",14
1989/06/04,星期日,8,5,94,国内专页·经济,"['创建中国特色商业文化学', '田中博的经营观', '善做“月下佬”', '金融形势不容乐观\u3000银行呼吁综合治理', '“庙”小神通大', '“天城”灯更明', '是科技兴农的时候了', '图片报道', '图片报道']",9
1989/06/04,星期日,8,6,94,文学作品,"['痴人织梦［报告文学］', '齐老板出洋［小小说］', '年轻的风']",3
1989/06/04,星期日,8,7,94,国际副刊,"['最“穷”的总统', '美国“扫黄”一瞥', '巴特农神庙将“整容”', '爱斯基摩电视公司', '北约兵力知多少？', '特殊车牌', '缅甸人的装束']",7
1989/06/04,星期日,8,8,94,每周文摘,"['企业“大家拿”现象透视', '寿命的性别差距正在缩小', '中国历史上的第一支西洋乐队', '过食水果亦有害', '石写的历史', '鲜花中的“幽灵”', '现代化国家的标准', '２１世纪的住房、汽车和电话', '图片报道']",9
1989/06/05,星期一,8,1,93,要闻,"['北京地区天气预报', '致戒严部队的慰问信', '告全体共产党员和全国人民书', '戒严部队平息反革命暴乱进驻天安门广场', '李鹏向日本新任首相宇野致电祝贺', '陈希同同志的广播讲话', '甘肃物价涨势开始回落', '戒严部队指挥部发言人发表谈话', '重庆蔬菜市场淡季不淡', '内蒙古优先发展民族教育事业']",10
1989/06/05,星期一,8,2,93,国内新闻,"['陈永江副教授技术报国', '蓬莱一姑娘患血癌  各地捐款帮助治疗', '清理各类政企不分公司  山东收回一亿多元资金', '济宁市郊出现“农田诊所”', '天津破获两起重大经济犯罪案', '山东表彰百名交售粮油大户', '广东省大部分地区暴雨成灾', '新一代高频喷射呼吸机过关', '上海工商行储蓄存款过百亿', '临西县三万群众捐资助教育', '邢台综合治理见效快', '山西查处违纪购车二千多辆', '蓟县法院公判典型案例', '一位普通中国农民的几句心里话', '农资专营后状况堪忧', '中国农村教育研究会成立', '农民张政民办企业  “两头在校”得益多', '凌河供销社方便农民买农药', '图片报道']",19
1989/06/05,星期一,8,3,93,国际新闻,"['霍梅尼病逝', '推进政治改革  恢复国民信赖', '阿根廷形势趋平静', '新德意志报新闻节开幕  人民日报中心大受欢迎', '柬埔寨问题国际会议  将于八月在巴黎举行', '整顿内务部“不健康”现象', '普里马科夫当选为苏联  最高苏维埃联盟院主席', '巴基斯坦重视教育  政府提高教育经费', '墨西哥公布全国发展计划', '苏英为窃听问题争吵', '苏联国防部决定撤消  与我接壤的中亚军区', '访问平壤何罪之有  文益焕竟然遭起诉', '印度洋形成有新说', '印巴边界谈判结束', '萨尔瓦多政局复杂化', '塞毛马三国部长再次会晤', '哥警官贩毒被逮捕', '欧共体为保护森林  通过林业行动纲领', '挽救大象\u3000禁止象牙交易', '埃及利比亚将复交', '图片报道']",21
1989/06/05,星期一,8,4,93,社会生活·体育,"['在发展商品经济条件下繁荣文艺', '殷秀梅\u3000董文华等主动缴纳个人收入调节税', '为汉字规范化立法', '残疾作家孙幼忱  为少儿写作三十年', '香港举办世界环境日画展', '来函照登', '勇于继承\u3000勇于发展', '我选手稳获两项冠军', '沈阳球迷急待中伊之战', '日本国际乒赛中国女将成绩良好', '山东队夺得团体总分第一', '中国选手夺两枚金牌', '体育简讯', '三项射击世界纪录被打破', '中伊足球赛不设招待票', '图片报道']",16
1989/06/05,星期一,8,5,93,国内专页（政治·法律）,"['从一则顺口溜谈起', '谁更应当正确理解', '阔了，但别空了', '将来怎么办？', '给活人看什么？', '“外烟”之怪', '醒来吧，乌纱梦！', '谁之病？', '神圣考场需要净化', '只属于女人的美', '闲话“整明白”', '图片报道', '图片报道']",13
1989/06/05,星期一,8,6,93,理论研究,"['政府权力结构调整及其规则', '研究乡镇领导促进基层建设', '试论行业协会与行业管理的关系', '《法的一般理论》出版']",4
1989/06/05,星期一,8,7,93,国际专页（科技）,"['世界铁路高速化电气化', '美日巨型计算机之争', '墨西哥城地下科学隧道', '地球险些被“刮胡子”', '金丹堡医院的中国医生']",5
1989/06/05,星期一,8,8,93,副刊,"['桑椹的回忆', '回城以后', '走向远山', '编辑情怀作家梦', '自己动手']",5
1989/06/06,星期二,8,1,84,要闻,"['北京地区天气预报', '天津大力增产日用小商品', '棉花经营严重混乱\u3000企业呼吁尽快扭转', '磐石县坚持公开办事', '广州检察机关查结举报案四百多件', '南京筹集夏粮收购资金  首批五千万元已落实', '沭阳建行核减基建资金二百多万', '宁武结束“黑屋土炕泥娃娃”历史  三百五十二所炕头小学喜迁新居', '我国代表团深表遗憾', '评奖创优不能染上腐败风', '满足空中侦察通讯指挥需要  我国直升机科研有较大发展', '哈梅内伊任伊朗新领袖', '当好后勤', '图片报道']",14
1989/06/06,星期二,8,2,84,国内新闻,"['纺织工业生产大面积回升', '海阳整顿村级经济秩序', '辽源化学医药局１２企业\u3000全部有偿转给吉化公司', '宿县地区给农民“尚方宝剑”  谁都有权拒付不合理提留', '河南打击流窜犯罪分子', '京郊小麦丰收在望', '安阳齿轮厂推行“效益保证法”', '澳门首届市政议会成立', '湄洲湾开发序幕拉开', '济铁青岛电务段五年无大事故', '山体滑坡不可小视  雨季预防势在必行', '辽宁推行农科承包助春播', '邮电部发行纪念邮资信封', '桓台县返乡民工大兴水利', '哈铁局集装箱业务发展快', '浙江秦山核电站设备正全面安装']",16
1989/06/06,星期二,8,3,84,国际新闻,"['商讨对付艾滋病威胁', '强调恢复国民对政治的信任', '苏油管发生爆炸', '为国家持久和平进行谈判', '南朝鲜当局阻挠参加世青节  朝鲜发出的邀请信无法递交', '与苏波缔结贸易协定', '美鼓励欧共体统一大市场  大市场与美利益并不违背', '法办镇压光州起义元凶', '美国穷人数字下降', '世界观察研究所提出四项建议', '呼吁签署新洛美协定', '重新安排到期债务和利息', '白宫转了个弯子', '世界首台高温超导电机问世', '简讯', '瑞典为减少车祸实行夏季限速', '美国犯罪活动猖獗  政府增拨巨款打击', '图片报道']",18
1989/06/06,星期二,8,4,84,文化生活·体育,"['考古学界新发现  平原地带有细石器', '主管部门要求统筹安排', '五亿人唱过他的歌', '陶质薄片为先秦货币', '自信·冷静·乐观', '上影投拍琼瑶电影', '音乐剧《小悟空的魔笛》上演', '新疆出版民族文字公路交通书', '台湾出版大陆三四十年代作品', '中国羽毛球选手不畏艰险', '羽毛球锦标赛各项前三名', '世界杯足球预赛  日本队胜朝鲜队', '英格兰足球队胜波兰队', '图片报道', '图片报道']",15
1989/06/06,星期二,8,5,84,国内专页·经济,"['转移——跨世纪的选择', '为人才开辟“特区”', '旅游断想', '投入不落实\u3000农业难升温', '子女教育、婚嫁金保险', '来自田头地边的声音', '图片报道']",7
1989/06/06,星期二,8,6,84,文艺评论,"['文学史的逆向研究', '走出困境', '李佩甫和他的小说', '《走向无人之境》〔中篇小说〕']",4
1989/06/06,星期二,8,7,84,国际专页（社会）,"['伦敦人向垃圾挑战', '梦想与现实', '不请烟不劝酒', '管窥坎昆世界选美', '可卡因婴儿']",5
1989/06/06,星期二,8,8,84,副刊,"['历史的画卷', '梦绕魂牵红树林', '爱的漠流', '“普通人民的诗人”桑德堡', '晚归〔摄影〕']",5
1989/06/07,星期三,4,1,46,要闻,"['北京地区天气预报', '本报启事', '听取五月份工业生产情况汇报', '四省区市致电党中央国务院中央军委', '杨尚昆致唁电悼念霍梅尼病逝', '北京市民的希望', '敦煌四幅失窃壁画全部查获', '戒严队粉碎一起焚烧汽车暴行', '高法致电乔石并中央政治局常委', '山东省给党中央国务院的报告', '图片报道']",11
1989/06/07,星期三,4,2,46,国内新闻,"['我国录音机出口激增  成为国内汇额最高的家电产品', '地力承包\u3000升奖降赔', '“四保”责任制带来办学热', '济宁开展政策咨询服务', '荆州划定农田保护区', '江苏开发新型高档纺织品  仿真丝绸产量居全国之冠', '广西恭城计划生育见实效', '宝安新建西海堤动工', '烟草生产严重失控  国家应当釜底抽薪', '昔为风云人物\u3000今成阶下囚徒', '国内首台新型切割机问世', '浙江名茶总产量增二成多', '兰溪建农业发展基金制度', '京杭运河无锡段整治完工', '四川探明一个整装大气田', '三万多年前松木化石出土', '图片报道', '小厂硅砖获银奖']",18
1989/06/07,星期三,4,3,46,国际新闻,"['德奎利亚尔表示哀悼', '不与卢泰愚当局妥协', '哈梅内伊', '瑞典开审刺杀帕尔梅嫌疑犯', '印发射一枚地对空导弹', '推动发展\u3000保护环境', '总统亲惩“官倒”政局化险为夷', '“我们想和中国学生交朋友”', '从联合国看多极化趋势', '中布友好合作的结晶', '南朝鲜政局纷争四起']",11
1989/06/07,星期三,4,4,46,综合,"['小鹿何辜\u3000竟遭屠杀', '武汉百余摩托骑士丧生', '爱心战胜死神', '副镇长强奸案发说情者纷至沓来', '警犬报警荣立三等功', '图片报道']",6
1989/06/08,星期四,4,1,41,要闻,"['严明党纪维护党的团结统一', '上海发生烧毁旅客列车严重事件', '布什总统对中国局势进行指责  我外交部发言人表示极大遗憾', '一支戒严部队经过建国门  遭到来自外交公寓的枪击', '方励之到美驻华使馆“避难”', '福建江西高检致党中央国务院中央军委的电函', '揭露反革命暴乱真相', '北京地区天气预报', '坚决制止冲击铁路  确保运输安全畅通']",9
1989/06/08,星期四,4,2,41,国内新闻,"['上海金融系统经济案件上升', '北京６公里路段目击事实', '抢救孙富君过程暴露严重问题', '昆明查处赌博团伙', '江西万余科技人员下乡承包', '军博一带群众帮助清理路障  戒严部队英勇击退持枪歹徒', '松潘新落成  长征纪念碑', '广州处理一起堵塞交通事件', '西哈努克离京前往朝鲜访问', '图片报道']",10
1989/06/08,星期四,4,3,41,国际新闻,"['西德成功发射一颗通讯卫星', '谴责卢泰愚法西斯集团  滥杀无辜的学生与市民', '尼沙诺夫当选苏民族院主席', '巴解当前斗争重点  是以占区人民起义', '中苏签订科学合作协议', '阿丽亚娜火箭  再次发射成功', '钱外长结束访问厄瓜多尔', '七嘴八舌', '调整中的阿拉伯产油国海外投资', '西德第一季度生产增长百分之三', '日本不做军事大国', '美国银行降低优惠利率', '印查获１４吨走私白银', '西哈努克离华抵朝', '苏联调整对拉美的政策', '几次商展的启示']",16
1989/06/08,星期四,4,4,41,综合,"['中国集邮业加速商业化进程', '盆地里的电视台', '读者来信：救救殷墟文化', '陈学青在京独奏', '蓝玉崧的书法艺术', '湘西司城组织群众护墓']",6
1989/06/09,星期五,4,1,37,要闻,"['北京地区天气预报', '李鹏王震看望戒严部队官兵', '北京市人民政府戒严部队指挥部又发出三个通告', '军民一起清除长安街路障垃圾', '戒严部队组织车队为北京市民运粮', '我外交部提出严重抗议', '国家教委发出通告', '李卓人承认接触非法组织', '坚决拥护中央平息首都反革命暴乱']",9
1989/06/09,星期五,4,2,37,国内新闻,"['“人民是理解你们的”', '成都社会秩序基本恢复', '感谢首都人民', '武汉长江大桥上发生骚乱  拦烧车打武警的罪犯被抓', '夏雨连绵  不利麦收', '中国经贸代表团因故提前回国', '齐怀远在京吊唁霍梅尼逝世', '北京反革命暴乱实录']",8
1989/06/09,星期五,4,3,37,国际新闻,"['雷日科夫再任苏部长会议主席\u3000政府首要方针是改革生产关系', '防止危险军事活动  美苏将签有关协议', '纳独立进程走上轨道', '中古两国外长会谈', '雷日科夫', '阿临时政府同苏联首次接触', '贝·布托说不搞核军备竞赛\u3000布什会见巴基斯坦总理', '苏里南一架客机失事', '呼吁援助发展中国家', '弗利当选美众院议长', '贩毒集团密探网  渗入哥政府部门', '欧佩克提高产油限额', '巴基斯坦的公务员制度', '数十枚核弹头遗落海底']",14
1989/06/09,星期五,4,4,37,综合,"['救救中国的儿童剧', '《道藏》影印出版', '《中国新文艺大系》还要不要出下去？', '电视连续剧《潘玉良》摄制完成', '图片报道', '图片报道']",6
1989/06/10,星期六,4,1,29,要闻,"['北京地区天气预报', '邓小平接见戒严部队军以上干部', '坚决制止破坏经济秩序  确保工业生产正常进行', '继续严厉打击一小撮反革命暴徒  竭尽全力保护人民群众生命财产', '洪学智刘华清秦基伟看望受伤官兵', '反思起来我们无限内疚', '北京市人民政府戒严部队指挥部发出第１２号通告', '“美国之音”造谣可耻', '首都粮肉菜供应趋正常', '军国主义者发动侵华战争', '北京发生反革命暴乱的事实真相']",11
1989/06/10,星期六,4,2,29,国内新闻,"['坚决拥护平息首都反革命暴乱', '上海十万工纠队员清除路障', '首都各界热情支持戒严部队', '发动群众一同排障  哈尔滨市街道畅通', '戒严部队在天安门广场举行升旗仪式', '烧毁装甲车汽车的一暴徒被抓', '沈阳市抓获一批拦截车辆人员', '滞留在江西境内的客车全开出']",8
1989/06/10,星期六,4,3,29,国内新闻,"['坚决拥护平息在首都发生的反革命暴乱', '你们立了大功人民感谢你们', '北京市一普通市民代表一家三代写给部队的信']",3
1989/06/10,星期六,4,4,29,国际新闻,"['美巴举行第三轮会谈  辩论沙米尔选举建议', '戈尔巴乔夫将出访西德', '波首轮大选结果出人意料', '印尼和多哥获  联合国人口奖', '特拉奥雷总统  改组马里政府', '金日成和西哈努克会谈', '米格二十九摔下来了']",7
1989/06/11,星期日,4,1,28,要闻,"['北京地区天气预报', '号召各级团组织共青团员行动起来  保卫革命建设和改革成果维护稳定', '戒严部队指挥部学习邓小平重要讲话  决心夺取平息反革命暴乱的彻底胜利', '李鹏电贺雷日科夫任苏部长会议主席', '北京抓获反革命暴乱暴徒四百多人', '北京市人民政府\u3000戒严部队指挥部发出第１３号通告', '图片报道', '首都正在恢复正常秩序', '一位目击者谈六月四日凌晨天安门广场清场情况']",9
1989/06/11,星期日,4,2,28,国内新闻,"['把反革命暴乱造成的损失夺回来', '稳定大局成为上海人民的共识', '贺兰一农民捐款两万元', '民政部\u3000国家教委负责人慰问戒严部队', '兰州秩序恢复正常', '制造铁路道口严重骚乱  上海十名不法分子被捕', '为制止动乱发挥重要作用', '上海\u3000南京\u3000武汉\u3000贵阳取缔一批非法组织', '三罪犯趁乱抢劫银行在京伏法', '台湾昨起与大陆通邮', '灭绝人性的一幕', '“首都群众救了我”']",12
1989/06/11,星期日,4,3,28,国内新闻,['坚决拥护平息在首都发生的反革命暴乱'],1
1989/06/11,星期日,4,4,28,国际新闻,"['苏联人民代表大会闭幕  大会将促进民主与改革', '安理会为解决塞浦路斯问题  敦促塞土两族同秘书长合作', '着重讨论阿富汗问题', '巴拿马代总统访问古巴', '第３８届巴黎国际航展开幕', '波兰大选结果说明了什么？']",6
1989/06/12,星期一,4,1,42,要闻,"['北京地区天气预报', '决心为彻底平息反革命暴乱作新贡献', '坚决制止破坏经济秩序活动  克服困难坚持生产保障供给', '首都出现拥军爱民新热潮', '理解', '首都星期天街景速写', '批评美国干涉中国内政', '北京发生的事件纯属中国内部事务', '公安机关通缉方励之、李淑娴', '北京逮捕１３名反革命暴乱分子', '首钢职工一直坚持正常生产', '造谣惑众者肖斌在大连就擒', '《美国之音》的不光采行径']",13
1989/06/12,星期一,4,2,42,要闻,"['图片报道', '夺回反革命暴乱造成的损失', '坚决拥护平息首都反革命暴乱', '国防科工委支持戒严部队执行任务', '沪“高自联”为非法组织', '上海破获两个反革命集团', '杭州三万铁路职工  确保运输畅通无阻', '武汉交通秩序恢复正常', '禁止旅游船在我水域设赌', '大亚湾核电站码头交付使用', '黑龙江遇旱灾欠播缺苗较多', '海河堤埝护坡工程加速进行', '大黄鱼全人工育苗首获成功', '广东省旅游业滑坡客源不足']",14
1989/06/12,星期一,4,3,42,国际新闻,"['萨尔瓦多总统府部长遇害  游击队在十个省发起攻势', '日本新贸易白皮书的真意', '海湾国家失业问题', '雷日科夫谈新政府组成', '墨西哥：“第二战线”的“三大战役”', '平壤喜迎第十三届世界青年联欢节', '泰将采取建设性对外政策', '巴拿马坚决抵制美国压力', '全斗焕堂弟被判刑', '第五届国际艾滋病大会闭幕', '匈圆桌会议将举行实质性会谈', '南非再次延长全国紧急状态']",12
1989/06/12,星期一,4,4,42,综合,"['困顿·改革·活力', '浙江悄然兴起茶文化', '拽“车”到“半坡”']",3
1989/06/13,星期二,4,1,36,要闻,"['北京地区天气预报', '聂帅写信慰问戒严部队全体官兵', '传达学习邓小平同志重要讲话  为彻底平息反革命暴乱而奋斗', '赞扬子弟兵为党为国为民立新功', '乔石姚依林田纪云等领导人  到医院看望和慰问受伤官兵', '北京市人民政府戒严部队指挥部发出第１４号通告', '坚决镇压反革命暴乱制止动乱  维护首都和全国正常社会秩序', '抓紧搞好夏收  保证做好收购', '揭穿美国电视新闻的谣言', '一在京日商表示和中方合作到底']",10
1989/06/13,星期二,4,2,36,国内新闻,"['中国改革开放只会完善不会改变', '外衣剥光之后', '方励之违背人民意愿', '依法公审方励之', '坚持支持取缔“高自联”', '克服排除当前暂时困难  一如既往发展对外贸易', '各地公安机关部署查缉  严防方励之李淑娴外逃', '北京中小学恢复正常教学', '西安取缔七个非法组织', '石家庄数千人冲击军事机关', '田纪云会见苏联驻华大使', '四位全国人大常委会委员再次声明', '关于谣言的街头对话']",13
1989/06/13,星期二,4,3,36,国内新闻,"['坚决拥护平息在首都发生的反革命暴乱', '京城处处“鱼水情”', '母子情怀', '祖国不会忘记你们', '图片报道']",5
1989/06/13,星期二,4,4,36,国际新闻,"['昂纳克告诫北约  不要更新短导', '美否决安理会谴责以暴行决议  我代表敦促以色列撤出占领区', '英国向波兰提供资金', '新喀岛省议会选举揭晓', '“灰色高官”成为争论焦点', '美副总统奎尔  出访中美四国', '戈氏抵达波恩  开始访问西德', '“戈尔比”来了']",8
1989/06/14,星期三,4,1,36,要闻,"['北京地区天气预报', '徐帅写信慰问戒严部队全体官兵', '传达邓小平同志的重要讲话  强调把思想统一到讲话上来', '代表首都人民慰问戒严部队', '中国内政不容干涉', '一些城市接连发生严重事件说明了什么？']",6
1989/06/14,星期三,4,2,36,国内新闻,"['钱其琛回到北京', '维护中小学正常教学秩序', '大学生不是特殊公民', '坚决拥护平息首都反革命暴乱', '长沙昆明兰州取缔非法组织', '北京一些非法组织成员和暴徒  到公安机关自首坦白交待问题', '故宫重新对外开放', '根本没参加过“签名”', '《必须旗帜鲜明地反对动乱》一书将出版', '钱其琛回到北京', '通缉“高自联”在逃的头头和骨干分子']",11
1989/06/14,星期三,4,3,36,国际新闻,"['西德苏联发表联合声明', '反对美干涉巴事务', '阿根廷总统宣布提前交权', '贝·布托的美国之行', '泰缅边境发生冲突', '苏联副外长全面评价布什裁军倡议  希尽早达成裁减欧洲常规力量协议', '美元对日元马克比价攀升', '钱其琛在柏林停留', '巴西公务人员大罢工', '波就议席空缺问题作出安排', '双方对沙米尔建议仍有保留', '德米塔受命  组织意内阁', '昂纳克向优秀教师授勋', '尼反政府武装一领导人回国', '图片报道', '图片报道']",16
1989/06/14,星期三,4,4,36,国内新闻,"['开展“热爱、支持、学习解放军活动”', '开展拥军活动\u3000做好优属工作', '危难关头见真情']",3
1989/06/15,星期四,4,1,43,要闻,"['北京地区天气预报', '中共中央昨天召开会议', '团结起来\u3000共同对敌', '韦国清同志逝世', '万里慰问执行戒严任务解放军  李先念邓颖超托人看望子弟兵', '各地不要来京慰问戒严部队', '支持我稳定国内局势的措施', '美两名记者被限期出境', '感谢人民对戒严部队的关怀  恳请各地不要再赠送慰问品']",9
1989/06/15,星期四,4,2,43,国内新闻,"['广东运输顺畅  市场供应充足', '沈铁排除干扰  运量持续提高', '经济秩序稳定  青海各业增长', '坚决拥护平息首都反革命暴乱', '对近期香港某些人一些活动的看法', '严格保密法纪\u3000确保国家秘密', '再接再厉为人民立新功', '总参通报表扬北京市各区县人武部', '通缉北京“工自联”头头和骨干', '各地依法取缔“高自联”等组织', '群众要求严惩暴徒张建忠', '北京高校招生和毕业分配如期进行', '你们具有世界上最美好的心灵', '图片报道']",14
1989/06/15,星期四,4,3,43,国际新闻,"['简讯', '提前接掌总统职权', '要求越停止导致难民产生的政策  以促进印支难民问题永久性解决', '中国市场仍有吸引力', '阿富汗难民开始回国', '朝党中央举行全会', '印尼表示中国目前局势  不影响两国关系正常化', '戈尔巴乔夫继续在西德访问', '西德苏联建立“热线”', '讨论恢复朝鲜北南对话', '匈牙利举行首次圆桌会议', '南朝鲜人访问北方规定', '西葡货币将参加欧洲货币体系', '民德教育工作会议开幕', '古巴运输部长被罢官', '世界油价呈疲软趋势']",16
1989/06/15,星期四,4,4,43,国内新闻,"['坚决拥护平息首都反革命暴乱', '中国将继续积极吸收外资', '英“４８家集团”致电中国贸促会', '中国银行一贯恪守信用  对内对外支付实力雄厚']",4
1989/06/16,星期五,4,1,49,要闻,"['北京地区天气预报', '统一全党思想的纲领性文件（社论）', '１５位副委员长慰问执行戒严任务官兵', '万里到首钢看望广大职工', '许多省区市党委召开有关会议  认真学习邓小平同志重要讲话', '李锡铭陈希同等领导人  慰问崔国政烈士的母亲', '海外朋友可正常来华旅游', '福建领导看望外资企业外方人员  广东今年改革开放势头没有减弱', '对中国未来充满信心', '北京“高自联”头头熊炜投案自首', '中国红十字会总会郑重声明', '动乱和暴乱带来严重恶果  北京蒙受经济损失逾十亿']",12
1989/06/16,星期五,4,2,49,国内新闻,"['李锡铭慰问首都环卫系统职工  陈希同看望公安干警武警战士', '拥护平息反革命暴乱的决策', '北京市区县人武部为平息暴乱作出贡献', '北京上海部分高校复课  南昌上课学生达百分之八十', '我海洋石油对外合作方针不变', '北京“工自联”两头头被捕', '悼念为平息暴乱殉难的李国瑞烈士', '残害崔国政的部分暴徒被抓获', '上海判处焚烧列车的三罪犯死刑', '没有戒严部队进驻，就没有首都的安宁', '北京查获“工自联”地下印刷点', '更正', '图片报道']",13
1989/06/16,星期五,4,3,49,国际副刊,"['在阿成立中立专家内阁  作为过渡机构短期执政', '扎伊尔同情中国  平息反革命暴乱', '北约总体方案仍有冷战痕迹', '密特朗抵达华沙', '南新政府实行反通膨计划', '皮诺切特拟连任智利总统', '调查其父亲财产', '要求警惕塑料炸药', '波作协获准登记注册', '奎尔结束中美洲之行', '罗马尼亚首都人均住房面积１２平方米', '印总理谈拒绝从斯撤军理由', '世界保险费破万亿美元大关', '匈牙利将再次裁军', '对美元汇率一五一比一', '日元贬值背景和走向', '图片报道']",17
1989/06/16,星期五,4,4,49,国内新闻,"['全国铁路主干线全部恢复通车', '广东百万人饮水不再难', '辽河油田日产原油创今年最好水平', '坚持生产为国家多做贡献', '新疆畜牧业丰收已成定局', '重庆出版社专款出版科技书', '国际书画赛将在临沂举行']",7
1989/06/17,星期六,4,1,53,要闻,"['北京地区天气预报', '邓小平讲话表达人民共同心愿', '人民英雄纪念碑恢复原貌', '各族青年要自觉维护安定团结', '继续严格控制新开工项目', '核电对外开放合作交流不变  秦山大亚湾电站将如期建成', '对外科技合作与交流政策不变', '张国基等看望戒严部队', '为燕莎工程建设开绿灯', '揭露方励之李淑娴操纵王丹搞动乱', '苏联不会放弃社会主义制度']",11
1989/06/17,星期六,4,2,53,国内新闻,"['山东省调运粮油支援北京', '继续发展对华经贸合作', '首都市场秩序好转  居民储蓄日渐上升', '从大是大非上认识平息暴乱的意义', '发动群众投入平暴和生产', '张家口开展拥军活动', '戒严部队某部悼念刘国庚等烈士', '参与残害李国瑞的暴徒被捕', '再不要做亲者痛仇者快的事', '北京广大群众挺身而出\u3000紧急关头保护武警官兵', '国务院参事慰问戒严部队', '新疆贵州取缔非法组织', '“血洗天安门”谣言在宁夏不攻自破', '何东昌慰问戒严部队', '全国台联等负责人看望解放军官兵', '北大六名参加绝食学生  支持政府驱逐美国记者', '北京十八所市属院校复课', '“美国之音”无中生有', '图片报道', '图片报道']",20
1989/06/17,星期六,4,3,53,国际新闻,"['邓小平讲话是分析问题出发点', '别了，裴新！', '新加坡将按计划同我国建交', '举行首次首脑会议', '民主德国高度评价戈氏访问西德  科尔说戈氏来访为和平奠定基础', '欧洲统一大市场计划已实现一半', '坚持谅解和改革政策', '智将举行修宪公民投票', '越将交还２８具美军士兵遗骸', '不搞核电', '第三届欧洲议会选举开始', '苏一专家认为地球内部是凉的', '新西兰外债高达二○二亿美元', '我再次向美国购买小麦十万吨', '简讯']",15
1989/06/17,星期六,4,4,53,国内新闻,"['我国能源缺口不小  节能工作亟待抓紧', '北京郊县２７６万亩冬小麦喜获丰收', '吉林外贸出现持续增长势头', '江西一千多万公斤大米运抵北京', '我进出口商品质量普遍提高', '以节能求效益（国内短评）', '江苏扭转生猪生产“滑坡”']",7
1989/06/18,星期日,4,1,31,要闻,"['北京地区天气预报', '中共中央召开党外人士座谈会', '袁木接受美全国广播公司记者采访', '用邓小平同志重要讲话统一思想', '八个民主党派全国工商联负责人  到医院看望首都戒严部队伤病员', '相信中国根据国情继续改革', '新加坡一些公司的职员  陆续返回中国恢复工作', '英国单方面推迟中英会议  我外交部发言人深表遗憾', '北京判处八名严重刑事犯死刑']",9
1989/06/18,星期日,4,2,31,国内新闻,"['中国将坚持对外经济合作  个别国家向我施压不明智', '戒严部队遇险官兵大都归队', '康克清致信慰问戒严部队', '万名少先队员举行主题队会', '国防科技专家座谈邓小平讲话', '首都军民追悼崔国政烈士', '北京市人民政府戒严部队指挥部第１５号通告', '北京收缴一批散失军用品', '正告美国政府和美国之音']",9
1989/06/18,星期日,4,3,31,国内新闻,"['用小平讲话精神指导工作', '抢回丢掉的时间\u3000夺回损失的财富', '王芳要求公安干警再接再厉乘胜追击\u3000十五位公安系统的有功人员受到表彰', '杨涛在兰州落网贺尤二犯被抓获', '北京已有１０９人向公安机关投案自首', '感谢各界对子弟兵关怀和支持', '北京“高自联”头头马少方投案自首', '贵阳“红领巾”带头禁赌', '美国驻华使馆庇护方励之、李淑娴是违反国际法的侵权行为']",9
1989/06/18,星期日,4,4,31,国际新闻,"['推行三大改革摆脱危机', '四国元首签署多项协议', '维护国家安定团结', '苏联的“新思维”与西德苏联关系']",4
1989/06/19,星期一,4,1,62,要闻,"['北京地区天气预报', '外贸出口保持好势头  出口下降局面基本扭转', '我国对外发射服务进展顺利', '货币金融形势进一步好转', '水路公路运输创佳绩', '杨尚昆会见三位烈士亲属', '相信中国开放政策不会改变  一些外商对在华投资有信心', '总结经验教育好下一代', '首都少数民族代表慰问部队  向各族人民的忠诚卫士致敬', '水利部抓紧防汛抗洪', '北京又抓获一些暴徒和不法分子', '《美国之音》继续造谣', '希望中国政局稳定', '发展经济要保护环境']",14
1989/06/19,星期一,4,2,62,国内新闻,"['党的农村政策不会变', '顾全改革开放大局  帮助外企解决困难', '开展向李国瑞烈士学习活动', '爱党\u3000爱国\u3000爱军  全国少工委部署教育活动', '上海机电产品出口大增', '李强王小兵为平暴捐躯  西安各界沉痛悼念烈士', '陕西小麦获大丰收', '两暴徒袭击北京执勤哨兵  两名涉嫌者被收审', '荔波县民政局受查处', '广西高校全部复课', '长沙“工自联”一些头头被捕', '中共党务工作大辞典出版  邓小平题写书名', '向戒严部队赠送药品', '新华社编辑一套展览照片', '一汽赠给戒严部队十辆新军车', '外事简讯', '沪高校毕业生分配顺利', '新疆在苏首办合资企业', '顽症骨痨病最近被攻克', '西藏成人教育取得成绩', '大连制成大型焦炉机械', '傅学文电唁谭祥女士逝世', '图片报道']",23
1989/06/19,星期一,4,3,62,国际新闻,"['乌兹别克动乱有预谋', '要求印度从斯里兰卡撤军', '布什支持欧洲统一', '建立大阿拉伯集团', '古巴一将军被捕', '苏向侵柬越军运武器', '朗伊指称新美安全徒有虚名  新西兰将退出澳新美理事会', '联合国外空委举行会议  定１９９２年为国际空间年', '匈牙利重新安葬纳吉', '美发现棕色矮星', '拉美八国集团财长讨论债务问题', '葡萄牙一军用直升机坠毁', '民主德国一架客机起火', '陨星来袭造成恐龙灭绝获新证据', '哥伦比亚“四·一九”运动提出国内和平四点建议', '美元强势地位能维持多久？', '古漆新花', '图片报道', '图片报道']",19
1989/06/19,星期一,4,4,62,综合,"['临汾眉户剧团生机勃勃', '三星堆遗址的保护范围已划定', '珠海文化随笔', '山沟书法家走上大世界', '电视对话节目研讨会在京举行', '醉酒图（中国画）']",6
1989/06/20,星期二,4,1,58,要闻,"['北京地区天气预报', '认真学习邓小平重要论述', '全面深刻地领会邓小平讲话精神', '陕西天津一些高校复课', '李鹏乔石姚依林会见烈士亲属', '山东省形势稳定生产发展', '刘国庚等七烈士被追认为中共党员', '我国汽车生产持续增长', '在糖果中投放含毒色素  辽宁七家地下工厂被封', '希望中国局势恢复平静', '中葡联合声明不受影响', '战士不会忘记他们', '非国家评优概不参加', '更正', '图片报道']",15
1989/06/20,星期二,4,2,58,国内新闻,"['湖南清理公司取得进展  省府部署继续抓紧抓好', '广东对外经济合作看好', '图片报道', '救童心切\u3000爱民情深', '河北查处倒卖钢材大案', '中国专利事业前景乐观', '太原大学生整修五一广场', '张伟平被缉拿归案', '北京合资工程正常施工', '美国一旅游者违反戒严令  被缩短在我国的停留期限', '拉萨群众欢度萨嘎达瓦节', '山东原盐生产完成年计划', '广西春玉米喜获特大丰收', '聘请农民担任监督员  实行“七公开七不准”', '经营混乱酿成大祸', '深圳一宗中外合资项目签约', '东北地区八盘岭公路隧道通车', '中国货轮运城号首航南美洲', '新绛县麦田大多数参加保险', '广东人均年占有水果４７公斤', '湖北一乡煤矿发生瓦斯爆炸', '图片报道']",22
1989/06/20,星期二,4,3,58,国际新闻,"['尤里卡计划部长会议闭幕', '西南非洲人民组织领导小组回纳', '华盛顿的鼓噪可休矣', '反对组成中立专家政府', '保总理就穆斯林公民出入境问题发表声明', '德奎利亚尔寻求解决西撒问题办法', '西提呼吁召开柬问题国际会议', '阿富汗一客机遭劫持后坠毁', '苏丹粉碎一起军事政变', '墨西哥再次延长经济稳定与增长协定', '欧佩克石油产量锐减  占世界产量比重下降', '世界对石油需求量发生变化', '发展中国家能源消费大幅增加', '国际儿童权利大会在芬兰举行']",14
1989/06/20,星期二,4,4,58,综合,"['戒严部队爱护首都名胜古迹', '上海推出《世界文学名著珍藏本》', '“阿满”系列电影将添新片', '小议音乐版权', '名声显赫的  “业余警察”', '电视剧《女船王》拍成', '图片报道']",7
1989/06/21,星期三,4,1,37,要闻,"['北京地区天气预报', '夏粮增产３０亿公斤  超过历史最高水平', '及时审判动乱暴乱中的罪犯', '平息暴乱为维护宪法  建设民主须加强法制', '认真领会邓小平讲话精神  为推进改革建设作出贡献', '李鹏致电热烈祝贺', '全国政协组织学习邓小平讲话', '各界慰问公安干警武警官兵', '北京“高自联”又一头头落网', '拉萨戒严后迎来首批外国游客', '常州开展个人纳税专项检查', '组织学习平息反革命暴乱文件  帮助应届高中毕业生明辨是非', '下季度保值储蓄贴补率', '邓小平有关论述汇编将出版', '京鄂晋闽宁高校陆续复课', '图片报道']",16
1989/06/21,星期三,4,2,37,国内新闻,"['暴乱平息后的沉思', '驳斥美联社一则歪曲报道', '残联慰问受伤子弟兵', '廿八个国际学术活动  下半年仍将在京举行']",4
1989/06/21,星期三,4,3,37,国际新闻,"['印巴同意解决锡亚琴问题', '美苏恢复战略核武器谈判', '布什强调首先解决核查问题  亚佐夫认为应消除双方分歧', '希腊大选揭晓', '美苏核裁军谈判进入新回合', '帕尔梅遇害案有进展', '西柏林市长访问民德首都', '现在更需珍视日中友好', '欧洲议会选举结束', '世青节国际筹委会代表去汉城', '阿富汗客机坠毁原因查明', '苏联一游船在北极搁浅', '图片报道']",13
1989/06/21,星期三,4,4,37,综合,"['天津踊跃举报经济犯罪', '少将脱险记', '《当代中国军队的军事工作》将出版', '羌管悠扬诉心声']",4
1989/06/22,星期四,4,1,60,要闻,"['美一些企业恢复在华业务', '北京地区天气预报', '中国不会屈服于外来压力', '统计局公布五月份经济情况', '改革开放不动摇\u3000既定政策不改变', '新疆局势稳定生产持续发展  吉林市场繁荣人民生活安定', '国务院发布暂行管理规定  外国商会在华活动有章可循', '现在中国局势是稳定的', '７月１日发行保值公债', '山西一公司私分巨额“回扣”', '江西重开粮食市场', '四川清理公司不罚款了事', '图片报道']",13
1989/06/22,星期四,4,2,60,国内新闻,"['中文成为澳门法定语文', '简讯', '山西严查贪污受贿干部', '云南停缓建近三百个项目', '河北五月工业生产创纪录', '龙羊峡电站全部建成', '两位大学生致高校同学一封信', '李锡铭陈希同等领导  分别慰问烈士的亲属', '李国瑞烈士追悼会举行', '江西采取措施再送“瘟神”', '沈昌祥获荣誉称号', '黄岩同志在合肥逝世', '为开发“一江两河”提供依据  中科院考察队进藏考察', '福建划定台商投资区', '三罪犯在沪伏法', '台湾一派遣特务  昨晨在贵阳落网', '湖北成立青少年科技基金会', '防止列车相撞仪器研制成功', '黑龙江食糖生产创最高水平', '天津长芦原盐产量大幅增长', '湖南省油菜丰收创历史纪录', '四川七百五十万人三年脱贫', '图片报道']",23
1989/06/22,星期四,4,3,60,国际新闻,"['斯总统宣布全国处于紧急状态', '日制出同骨骼肌肉性能相同的肌肉', '祝贺中国平息暴乱\u3000希望中国保持稳定', '戈尔巴乔夫致函６国领导人', '戈尔巴乔夫同拉夫桑贾尼会谈', '西班牙加入欧洲货币体系', '朝北方同意恢复北南国会会谈', '拉美经济体系召开债务会议', '委内瑞拉申请加入关贸总协定', '７７国集团部长级会议技术性会议闭幕', '波兰大选第２轮选举揭晓', '宇野内阁民意支持率极低', '社会党国际十八大开幕', '从欧洲议会选举看力量消长变化', '泰国采取法律措施控制艾滋病蔓延', '苏用射线探测仪测量人体内脏温度', '图片报道']",17
1989/06/22,星期四,4,4,60,综合,"['阜新百余“小摄影家”  创作成果令人瞩目', '大巴山区建立灵山碑林', '驻京文艺单位为戒严部队慰问演出', '中国悬棺仿古试吊成功', '学术电视片《金瓶梅》摄制完成', '川剧洋旦第一人', '全面落实文物安全责任制']",7
1989/06/23,星期五,4,1,56,要闻,"['美悍然宣布对我实行新“制裁”措施', '北京地区天气预报', '旗帜鲜明地坚持四项基本原则（社论）', '中国政府对港澳方针不变', '中国将进一步发展对外贸易', '中外经济合作将会继续发展', '玻利维亚国会代表团将访华', '坚决反对美干涉我内政', '亚运会筹备进展顺利', '一批台湾国民党特务落网']",10
1989/06/23,星期五,4,2,56,国内新闻,"['中国坚持加快发展教育  继续开展广泛国际合作', '“黄淮海战役”德州告捷  全区小麦增产一亿公斤', '黔晋高校全面复课', '对“爱国学生”提法的一点见解', '“美国之音”又传新谎言', '李国忠加入武警', '首都律师座谈邓小平讲话', '会商加快合资工程建设', '《坚决拥护党中央决策坚决平息反革命暴乱》一书将出版', '北京七名罪犯被处决', '二十七名罪犯受到惩处', '今春森林防火创佳绩', '宝成线一处山体滑塌', '九省区即将建立  国家级良种基地', '河南工商行存款超百亿', '上海建成５９个安静小区', '新型大跨度桥梁架成', '图片报道']",18
1989/06/23,星期五,4,3,56,国际新闻,"['希望在华经商的美国人返华', '加快实施实现国内和平计划', '伊朗很难同美国改善关系', '联合国将协助纳米比亚难民早日回国', '匈牙利再次举行政治协商圆桌会议', '在斯印军未能履行诺言', '戈尔巴乔夫接见美军首脑', '苏从捷撤军', '南方青年组参观团赴平壤', '阿利雅会见民德外长', '两年摆脱经济危机  五年改革经济机制', '叶利钦主张削减工业基建投资', '世界对中东石油的需求将增多', '捷去年财政状况好于往年', '美认为无需提高利率', '日自民党政改推进本部开会  宇野强调政治改革势在必行', '以色列战斗机袭击黎巴嫩', '贝·布托寿辰记', '七十七国集团特别会议开幕', '马来西亚说不干涉中国内政', '第５８届年会１０月在北京举行', '图片报道']",22
1989/06/23,星期五,4,4,56,综合,"['外国商会管理暂行规定', '从“孩子王”到剧作家', '北京女孩成为台湾电视“童星”', '海峡两岸笛声和鸣', '第四届香港国际舞蹈会议将举行', '重庆成立熊猫儿童艺术剧团']",6
1989/06/24,星期六,4,1,48,要闻,"['北京地区天气预报', '总政领导会见十位烈士亲属', '关于坚持四项基本原则反对资产阶级自由化的论述', '确保完成国防科研生产外贸任务', '长江航运畅通无阻', '１２６名非法组织头头成员等  到上海公安机关登记或自首', '刘晓波参与动乱被拘留', '台湾当局掀起一股反共浪潮', '图片报道']",9
1989/06/24,星期六,4,2,48,国内新闻,"['平息反革命暴乱完全正确  人大应加强民主法制建设', '加强文物安全工作', '拥护党中央国务院正确决策', '慰问首都戒严部队', '石化行业中外合作更紧密', '《捍卫社会主义共和国》一书即将出版', '西藏欢迎外商来投资', '朝驻华大使举行记者招待会', '外商在福建投资势头不减', '巴楚县农行被查处', '长江中下游水情严峻  今年可能有特大洪涝', '上海确定电话建设规划', '台举办大陆贸易研讨会', '运城改良黄牛取得成效', '图片报道']",15
1989/06/24,星期六,4,3,48,国际新闻,"['民德反对外国干涉中国内政  坦桑尼亚希望中国实现安定', '同中国关系正常化不受影响', '德国统一社会党八中全会开幕', '安哥拉全境今日起停火', '９月派团访华计划不变', '苏联伊朗发表两国关系宣言', '呼吁各国支持朝鲜争取统一斗争', '摩军队和西撒人阵突击队交火', '阿游击队领导人会见苏代表团', '伊朗提前举行总统选举', '尼印纠葛何时了', '秘鲁空军一架飞机失事', '我芭蕾选手在莫斯科获奖', '医学新事——肚皮上安拉锁', '英国利用生物技术  研制新抗病毒药物', '美科学家发现新肿瘤基因', '图片报道', '图片报道']",18
1989/06/24,星期六,4,4,48,综合,"['潍坊民主考评党政干部', '日光城里鱼水情', '海关总署和公安部作出规定', '湘潭市４７家公司受到查处', '浙江不法分子崔建昌被捕', '“外高联”头头潘强落网']",6
1989/06/25,星期日,8,1,69,要闻,"['北京地区天气预报', '党的十三届中央委员会召开第四次全会']",2
1989/06/25,星期日,8,2,69,国内新闻,"['调整后的中共中央政治局常委', '坚持立国之本\u3000走好强国之路（社论）', '中国对外友好大门是敞开的', '文艺界应冷静思考过去未来  学好有关文件澄清思想混乱', '国务院通知加强城市防洪', '本报启事']",6
1989/06/25,星期日,8,3,69,国际新闻,"['莫伊总统希望看到中国稳定  加纳谴责西方干涉中国内政', '为中国局势稳定感到高兴', '呼吁加强团结推动南北对话', '继续加强同各国经济合作', '安哥拉民族和解的重大进展', '戈尔巴乔夫会见日夫科夫', '朝鲜各地举行反美斗争日集会游行', '希望组成主张改革的联合政府', '黎军政府特使同叙谈判', '法越在柬埔寨问题存在分歧', '停火带来的喜悦', '伊朗表示希望同阿拉伯国家发展正常关系', '被绑架的美国人获释', '６名黎巴嫩人被控阴谋暗杀奥恩', '日东京都议员选举拉开序幕', '英将批准出售辐射食物', '智利人工体内受精成功', '西班牙试管婴儿四胞胎降生', '过敏反应由基因缺陷引起', '图片报道']",20
1989/06/25,星期日,8,4,69,综合,"['抓住刘晓波的黑手', '河南加强基层组织的整顿建设', '全国人大代表冯依淼被杀害', '邢台查处违法建私房的干部', '天津公开宣判首例名誉权纠纷案', '北京恢复电影夜场', '新疆逮捕一批打砸抢分子', '张声明写反动匿名信被捕', '神州绿茵赛场又将热闹起来', '国际体操大奖赛中国选手获一枚金牌', '各界齐心协力为亚运会多集资', '第五届世界杯跳伞冠军赛将在蓉如期举行', '苏格兰和沙特阿拉伯小将争冠', '欧洲男篮锦标赛决出四强', '图片报道']",15
1989/06/25,星期日,8,5,69,国内专页·经济,"['“三肇”黄金浪', '储蓄工作还能做些什么？', '你获名\u3000我得利', '这里流行绿色', '王凤林与小型“巨人”', '“摩托车市场”拾零', '金钱，在孩子们身上', '图片报道']",8
1989/06/25,星期日,8,6,69,文学作品,"['多情的帕米尔〔报告文学〕', '泛舟记']",2
1989/06/25,星期日,8,7,69,国际副刊,"['两洲相遇五百年', '“我为活到今天而感到无比幸福！”', '夏品白啤酒', '森林疗法', '花样翻新的英国旅游业', '图片报道']",6
1989/06/25,星期日,8,8,69,每周文摘,"['乡镇企业女工劳动保护差', '不少个体户靠逃税暴富', '今夏时装流行色', '张大千拜访毕加索', '华佗不是中国人吗？', '王家岛  再现“瓢舀鱼”奇观', '神秘的人体磁现象', '喜怒趣谈', '十岁的古董商', '图片报道']",10
1989/06/26,星期一,8,1,76,要闻,"['北京地区天气预报', '坚决拥护四中全会各项决定  为国家长治久安作出新贡献', '中顾委举行第四次全会', '中纪委举行第四次全会', '走好改革开放的强国之路  发挥工人阶级主力军作用', '紧紧团结在党中央周围  坚定地走社会主义道路', '四中全会公报引起强烈反响  各地干部群众表示坚决拥护', '认真贯彻四中全会的精神  把平息暴乱斗争进行到底']",8
1989/06/26,星期一,8,2,76,国内新闻,"['科技人员一如既往与党同心同德', '在十三届四中全会上', '十三届四中全会具有深远影响', '中日合资建水泥厂', '港台客商与鞍山签订合作协议', '香港传播媒介重视四中全会', '阿拉法特访朝途中在京停留', '煤炭系统上半年生产形势喜人', '中共优秀党员\u3000恽代英烈士遗孀  沈葆英同志逝世']",9
1989/06/26,星期一,8,3,76,国际新闻,"['危机尚未摆脱\u3000努力推进改革', '放弃苏共领导极其危险', '加中关系继续发展', '赞扬我改革开放政策', '反对别国干涉中国内政', '支持我平息反革命暴乱', '阿拉法特抵达平壤', '高技术\u3000大众化', '涅尔什任匈党主席', '降低通货膨胀', '南朝鲜当局竟然违背民意  禁止南方代表参加世青节', '社会党国际１８大闭幕  勃兰特再次当选主席', '伊英准备谈判', '愿有条件地与印军停火', '推迟召开中美洲首脑会议', '英国发现青铜时代遗址', '美国经济会“软着陆”吗', '干旱困扰法国农业', '南斯拉夫气候反常  盛夏时节大雪纷扬', '美高法裁定焚毁国旗不违法  白宫国会指责高法裁决错误', '图片报道']",21
1989/06/26,星期一,8,4,76,综合,"['泰国足球队实力为何减弱', '陕西领导亲自查处重点案件', '河南连续打击刑事犯罪', '专业职称评聘中弄虚作假  河北查出不够格者逾八千', '北京周末夜色美', '贵阳耐火材料厂公布厂领导收入', '宁德全面清查干部建房', '企业内部分配不公  职工群众反映强烈', '上海人才市场正式开放', '亚洲男篮锦标赛九月在京如期举行', '国际体操大奖赛女子单项决赛  杨波动作惊险新颖夺金牌两枚', '欧洲男篮赛苏联队重蹈覆辙  希腊队淘汰奥运会冠军获决赛权', '世界少年足球赛沙特队捧杯', '中国足球队积极热身  昨日小胜天津队一球', '阿根廷有信心举办明年世界男篮大赛']",15
1989/06/26,星期一,8,5,76,国内专页（政治·法律）,"['机关干部的“忧患”', '“雷锋式战士”乔文清', '“面条局长”', '民主评议\u3000纵横监督', '祠堂变成“老人之家”', '渔民遇险之后', '碉楼夜话', '图片报道']",8
1989/06/26,星期一,8,6,76,理论研究,"['实践唯物主义与人的主体性', '论本土传统文化的选择', '史学的改革与出路', '读《陈独秀年谱》']",4
1989/06/26,星期一,8,7,76,国际专页（科技）,"['防震新法研究', '防范电脑“病毒”刻不容缓', '“超级电视”的争夺战', '治癌症研究新成果', '全天候火柴', '驱鸟鹰']",6
1989/06/26,星期一,8,8,76,副刊,"['生日（小说）', '铁佛寺', '兰妹子', '月亮的故事', '家乡的茶歌']",5
1989/06/27,星期二,8,1,79,要闻,"['北京地区天气预报', '人大常委会将举行第八次会议', '中国的改革开放政策不会改变  独立自主和平外交政策也不变', '坚决拥护中央新领导核心  抓好公报提出的四项任务', '认真学习落实四中全会精神  及时审判动乱暴乱中的罪犯', '我国外贸止住滑坡开始回升', '大庆职工坚守岗位增加生产', '宁波港吞吐量半年超千万吨', '深刻认识肩负神圣使命  善始善终完成戒严任务', '我承造“柏林快航”号船在沪下水', '踊跃交粮']",11
1989/06/27,星期二,8,2,79,国内新闻,"['四中全会公报引起强烈反响  各地干部群众表示坚决拥护', '广大妇女要振奋精神艰苦奋斗', '批判自由化思潮  加强各民族团结', '侨务工作要同宣传结合  批驳谣言消除海外疑虑', '完全拥护中共十三届四中全会精神', '广大科技工作者是可信赖力量', '为平息反革命暴乱英勇牺牲  臧立杰烈士追悼会在京举行', '公民因私出境政策不变', '图片报道']",9
1989/06/27,星期二,8,3,79,国际新闻,"['金日成和昂纳克分别电贺  江泽民任中共中央总书记', '印北方各邦进入戒备状态', '非洲的一次历史性会议', '讨论欧洲货币联盟等问题', '缅甸当局要求人民严守军管法', '必须保障巴勒斯坦民族自决权', '安哥拉人民欢迎停止内战  莫总统呼吁实现国内和平', '简讯', '泰国举行反毒品活动', '巴西总统将提前辞职', '越南人口已逾６４００万', '美洲四万八千多年前有人类居住', '保古都发现秘密通道', '日本最轻纸\u3000法国最大书', '墨西哥城每年下沉３５厘米', '巴西中小学增设环保课', '希腊油轮触礁漏油污染美海岸', '苏又一核潜艇在挪威海域失事', '厄瓜多尔发生里氏六级地震', '制鞋厂设计疏忽犯大忌  孟国穆斯林抗议起冲突', '图片报道']",21
1989/06/27,星期二,8,4,79,综合,"['安阳副市长丁润明被撤职', '领导以身作则\u3000机关廉洁成风', '河北省严查投机违法案', '带头拒礼倡廉影响他人', '两岁“现代娃”', '辽阳公开处理违法乱纪干部', '岫岩打击破坏邮电设施活动', '第二届象棋棋王赛在即', '我乒乓男队访问西德切磋技艺', '奥运会后的新检阅', '罗国际田径赛陈冬梅获一枚铜牌', '南斯拉夫队第四次荣获桂冠', '意大利球迷为世界杯赛吉祥物命名']",13
1989/06/27,星期二,8,5,79,国内专页·经济,"['确保计划商品正常流通', '加强管理建立展销新秩序', '想起了“狸膏金距”', '现实与选择', '创业未有穷期', '注意保护农民的利益', '对粮食主产区要优惠', '图片报道', '北开南联\u3000繁荣边疆']",9
1989/06/27,星期二,8,6,79,文艺评论,"['蔷薇带刺留真香', '时代面貌的真实记录', '永不损落的流星', '作家比较研究的新收获', '《中国西部文学论》出版']",5
1989/06/27,星期二,8,7,79,国际专页（综合）,"['发扬艰苦创业传统', '西方的保险业', '历史无情\u3000叛徒遭惩', '老妻少夫在美国', '为盲人就业创造条件']",5
1989/06/27,星期二,8,8,79,副刊,"['血染一代海魂', '警惕软刀子', '一位满族老作家', '拉萨街头小景', '爱的明信片', '图片报道']",6
1989/06/28,星期三,8,1,64,要闻,"['北京地区天气预报', '国务院召开第４２次常务会', '在接见首都戒严部队军以上干部时的讲话', '韦国清遗体告别仪式在京举行', '我改革开放将更稳更好更快', '杨尚昆会见巴基斯坦客人']",6
1989/06/28,星期三,8,2,64,国内新闻,"['认真学习贯彻四中全会精神', '和平统一、一国两制方针不变', '发挥人民民主专政威力  履行宪法法律赋予职责', '思想政治工作是全党的工作', '十三届四中全会公报成书', '完全拥护中共十三届四中全会精神', '把贯彻全会精神作为中心任务', '四中全会公报引起强烈反响  各地干部群众表示坚决拥护']",8
1989/06/28,星期三,8,3,64,国内新闻,"['固定资产投资减少\u3000信贷规模继续扩大  工资总额增速不减\u3000经济效益未见好转', '我国将发射大容量实用通信卫星', '北京外国留学生纷纷返校  各高校已经做好补课安排', '上海松江境内旅客列车爆炸', '杨主席任免一批驻外大使', '韦国清同志生平', '看“高自联”如何利用绝食学生搞政治讹诈']",7
1989/06/28,星期三,8,4,64,国际新闻·体育,"['日中经济关系经得起考验', '祝贺江泽民任中共中央总书记', '美苏开始第四轮谈判', '欧共体首脑会议两大议题', '蒙古通过《合作社法》', '上海出口商品周在墨开幕', '财政部迁出卢浮宫  卢浮宫装修新展厅', '秋高气爽时节攀登五岳之首  泰山全国登山活动九月举行', '今年温布尔登大赛揭幕', '全国珍珠球邀请赛在承德举行', '朝鲜队主场以２∶０胜日本队', '广东举办足球“金教鞭”评选', '我国举办首届  轮滑球锦标赛', '加藤正夫进入“休眠期”', '全国新型运动饮料评选揭晓', '中国青年排球队访日成绩不佳']",16
1989/06/28,星期三,8,5,64,国内专页·教科文,"['必须在高等教育中坚持四项基本原则', '人民的共同心愿', '报志愿的学问', '山区农民  对卫生工作的新需求']",4
1989/06/28,星期三,8,6,64,读者来信,"['令人忧思的宴席', '有人在兖州火车站敲诈货主', '粮食市场亟需整顿', '现金超库存不安全', '废易拉罐回收价太低', '汽车承包与残废证', '衡山交通管理所无理加收附加费', '胜利油田被盗严重', '同左路上歹徒猖獗', '牡丹江市耕牛大量被盗杀', '不法分子骚扰  师生惊恐不安', '打击流氓犯罪  确保学生安全', '路障变通途  人民心欢畅', '浮门沉没记']",14
1989/06/28,星期三,8,7,64,国际专页（经济）,"['尼日利亚在调整改革中前进', '因地制宜\u3000全面发展', '盛田昭夫与索尼精神', '国际定期航班飞行安全水平有提高']",4
1989/06/28,星期三,8,8,64,副刊,"['酃县炎帝陵', '绿色效应', '战士的足迹', '属于一代人的奇迹', '徜徉在月辉里']",5
1989/06/29,星期四,8,1,82,要闻,"['北京地区天气预报', '政协七届七次常委会７月４日召开', '中共中央举行党外人士座谈会', '一批先进党组织和党员受表彰', '对外友协致信各国对华友好人士团体', '中国珍视中日友谊及经济关系', '国家教委部署中小学暑假工作', '我祝贺安哥拉政府与安盟停火']",8
1989/06/29,星期四,8,2,82,国内新闻,"['引导青年紧密团结在党周围', '明确文学工作任务  坚持社会主义方向', '部分停缓建项目继续施工', '创造良好社会治安环境  保障建设改革顺利进行', '文艺界要进行深刻反思', '今年两岸进出口额增幅显著  大陆对台经贸政策坚持不变', '为祖国和平统一做贡献', '北京市表彰公安干警', '西宁破获一反革命组织', '盗窃美国驻沪总领事馆财物  罪犯张平被处决', '宝成铁路恢复通车', '一货车颠覆\u3000陇海线中断', '北京邮政局克服困难  为戒严部队投送报刊', '辽阳市举债兴学', '山东蒋庄煤矿投产', '山西一座村办煤矿  发生瓦斯爆炸事故', '季宗权遗体告别仪式在京举行', '国务院参事岳仑先生逝世', '图片报道']",19
1989/06/29,星期四,8,3,82,国际新闻,"['祝贺江泽民任中共中央总书记', '祝贺江泽民任中共中央总书记', '朝鲜举行“反美斗争月”', '联合国纪念反毒品国际日', '从未接受美军援', '艾尔沙德说中国内政不容外来干涉  埃副总理相信中国会解决目前问题', '就经济货币联盟问题达成协议', '昂纳克抵苏联访问', '印度首都发生总罢工', '乌拉圭发生全国罢工', '伊朗处死毒品走私犯', '安总统强调勿坐失良机  进行和平建设造福子孙', '斯拒绝参加南盟会议  南盟成员国前往劝说', '苏联拟同美国签订协议  规定双方停止对阿军援', '苏联准备立即停止核试验', '美又进行一次地下核试验', '挪指责苏未通报核潜艇事故', '欧佩克努力限产稳定油价', '苏联合资企业发展迅速', '汉城法院开审文益焕  第一次审判草草收场', '美增强驻南朝鲜空军实力', '阿拉伯国家天然气储量和产量', '图片报道']",23
1989/06/29,星期四,8,4,82,综合,"['主要责任者将受处罚', '鞍山交通局干部郭景孝被捕', '对当今流言的批判', '弘扬青铜文化\u3000发展现代雕塑', '展现转战陕北历史画卷  《巍巍昆仑》在京首映', '我乒乓球队访德', '姑娘向７米大关挑战', '决赛结果有争议', '格拉夫轻松过关', '图片报道', '图片报道']",11
1989/06/29,星期四,8,5,82,国内专页·经济,"['从“跳槽”看就业动向', '“局外人”谈“徘徊”', '再谈“奖金效应”', '乡镇企业中的“明星”', '金杯人的意识', '良性循环怎么来？', '图片报道', '弹棉花']",8
1989/06/29,星期四,8,6,82,文件·报告·回忆录,"['思君若汶水\u3000浩荡寄南征', '深切怀念张学思同志']",2
1989/06/29,星期四,8,7,82,国际专页（综合）,"['莫扎特与布拉格', '录音导游', '为了未来而教育', '“我不是天才”', '联邦德国掀起童话热']",5
1989/06/29,星期四,8,8,82,国际专页（综合）,"['献给战士的歌', '野火', '神奇的龙泉峡', '往事如烟', '德化双流瀑布（外一首）', '图片报道']",6
1989/06/30,星期五,8,1,77,要闻,"['北京地区天气预报', '隆重举行庆“七一”歌咏大会', '人大常委八次会议在京举行', '在人大常委会第八次会议上的讲话', '中国有充分权利处理内部事务', '党外人士发言拥护全会决定', '中国人民同心同德定能克服暂时困难', '欧理会发表声明对我妄加指责  外交部发言人对此事深表遗憾', '相信香港能保持稳定繁荣', '明起重新开放天安门城楼']",10
1989/06/30,星期五,8,2,77,国内新闻,"['中国主张通过友好协商  早日解决中印边界问题', '圭亚那国民议会代表团将访华', '湖北省府机关打破常规  审批一家合资企业手续', '思茅地震灾区夏粮丰收  提前超额完成收购任务', '天津夏粮丰收\u3000收购不打白条', '宁夏储蓄存款增加', '一致拥护四中全会各项决定  坚持基本路线抓好四件大事', '用全会精神总结科技体制改革', '《学习》杂志公开发表邓小平谈话  《建设一个成熟的有战斗力的党》', '美国驻华使馆庇护方励之夫妇  是干涉中国内政侵犯中国主权', '平息暴乱必将为世界人民理解', '联系现实斗争\u3000加强法制建设', '美国十名旅游者被责令出境']",13
1989/06/30,星期五,8,3,77,国际新闻,"['戈氏强调苏联要彻底改革', '祝贺江泽民任中共中央总书记', '斯猛虎游击队与政府握手言和', '加强共产党的领导作用', '巴对我形势恢复正常表示高兴', '以军镇压巴勒斯坦人  两月已死伤三千余人', '埃及黎巴嫩复交', '荷兰著名导演伊文斯逝世', '日企业驻京办事处业务趋正常', '日夫科夫会见华约司令  匈外长说匈不退出华约', '讨论交换战俘问题', '南朝鲜前安企部长被判刑', '秘鲁一位退休将军被判刑', '经济高涨将增加能源需求', '日本决定独自研究载人宇宙飞行技术', '美提出治理空气新计划', '英国面临严重水危机', '国际货币基金组织将向委贷款', '残疾人声控计算机问世', '伊拉克将建立缓冲地带', '贝鲁特又发生炮战', '老天皇遗产二十亿  新天皇继承须纳税']",22
1989/06/30,星期五,8,4,77,综合,"['晋中查处一起投机倒把案  罪犯畅晓峰张炎辉被判刑', '今年军队转业工作进展顺利', '首都“七一”将举行多种演出', '亚运会组委会感谢各国合作', '痛定思痛，我悔！我恨！', '福建坚决惩治腐败', '干部建私房必须申报', '我国提取肌醇技术获重大突破  为医药化工出口开辟广阔前景', '政府人员不再免费乘公交车船', '图片报道']",10
1989/06/30,星期五,8,5,77,国内专页（政治·法律）,"['战士智救老局长', '“我是军人，是医生”', '户籍科长过“三关”', '过俭朴日子的市委书记', '羌寨新歌', '信念的力量', '他们为何辞职', '图片报道']",8
1989/06/30,星期五,8,6,77,理论研究,"['学习讲话\u3000提高认识', '大胆而可贵的探索', '对资改造问题研究座谈会简介', '《明大诰研究》出版']",4
1989/06/30,星期五,8,7,77,国际专页,"['汽车\u3000奔向２０００年', '看美国政府怎样镇压示威群众', '印度一通信卫星在美国出事故', '用简洁文字表达事情', '图片报道']",5
1989/06/30,星期五,8,8,77,副刊,"['早春山行', '买降价书', '未竟之旅（二章）', '向日葵与墙（外一首）', '图片报道']",5
